scenario_name,lambda_execution,objective_name,method_name,method_family,strategy,metric_value,objective_rank
baseline,0.05,WAPE,Oracle,Oracle,oracle_realized_demand,0.0,1
baseline,0.05,WAPE,Smoothed Alpha 0.50,FeasibilityAwareSmoothed,feasibility_aware_smoothed_alpha_0_50,0.108,2
baseline,0.05,WAPE,Scenario Alpha,FeasibilityAwareSmoothed,feasibility_aware_smoothed_scenario_alpha,0.108,3
baseline,0.05,WAPE,Smoothed Alpha 0.75,FeasibilityAwareSmoothed,feasibility_aware_smoothed_alpha_0_75,0.108,3
baseline,0.05,WAPE,Utility Alpha,FeasibilityAwareSmoothed,feasibility_aware_smoothed_utility_alpha,0.109,5
baseline,0.05,WAPE,Best Inventory,Baseline,best_inventory_cost_model,0.109,6
baseline,0.05,WAPE,Global Best,Baseline,global_best_model,0.109,6
baseline,0.05,WAPE,Smoothed Alpha 0.25,FeasibilityAwareSmoothed,feasibility_aware_smoothed_alpha_0_25,0.109,8
baseline,0.05,WAPE,Family Best,Baseline,family_best_model,0.11,9
baseline,0.05,WAPE,Stability-Aware,Baseline,stability_aware_selector,0.113,10
baseline,0.05,WAPE,Feasibility-Aware,Baseline,feasibility_aware_selector,0.116,11
baseline,0.05,WAPE,Accuracy Ensemble,FeasibilityAwareEnsemble,feasibility_aware_ensemble_inverse_accuracy,0.117,12
baseline,0.05,WAPE,Constrained Ensemble,FeasibilityAwareEnsemble,feasibility_aware_ensemble_constrained,0.117,12
baseline,0.05,WAPE,Operational Ensemble,FeasibilityAwareEnsemble,feasibility_aware_ensemble_inverse_operational_loss,0.119,14
baseline,0.05,WAPE,Simple Ensemble,ReferenceEnsemble,simple_ensemble,0.129,15
baseline,0.05,WAPE,Best Stability,Baseline,best_stability_model,0.188,16
baseline,0.05,execution_penalty,Best Stability,Baseline,best_stability_model,0.0,1
baseline,0.05,execution_penalty,Utility Alpha,FeasibilityAwareSmoothed,feasibility_aware_smoothed_utility_alpha,0.0,1
baseline,0.05,execution_penalty,Smoothed Alpha 0.25,FeasibilityAwareSmoothed,feasibility_aware_smoothed_alpha_0_25,102.215,3
baseline,0.05,execution_penalty,Smoothed Alpha 0.50,FeasibilityAwareSmoothed,feasibility_aware_smoothed_alpha_0_50,24465.198,4
baseline,0.05,execution_penalty,Simple Ensemble,ReferenceEnsemble,simple_ensemble,47421.135,5
baseline,0.05,execution_penalty,Operational Ensemble,FeasibilityAwareEnsemble,feasibility_aware_ensemble_inverse_operational_loss,118441.378,6
baseline,0.05,execution_penalty,Accuracy Ensemble,FeasibilityAwareEnsemble,feasibility_aware_ensemble_inverse_accuracy,154524.33,7
baseline,0.05,execution_penalty,Constrained Ensemble,FeasibilityAwareEnsemble,feasibility_aware_ensemble_constrained,154524.33,7
baseline,0.05,execution_penalty,Scenario Alpha,FeasibilityAwareSmoothed,feasibility_aware_smoothed_scenario_alpha,171810.1,9
baseline,0.05,execution_penalty,Smoothed Alpha 0.75,FeasibilityAwareSmoothed,feasibility_aware_smoothed_alpha_0_75,171810.1,9
baseline,0.05,execution_penalty,Feasibility-Aware,Baseline,feasibility_aware_selector,365116.914,11
baseline,0.05,execution_penalty,Stability-Aware,Baseline,stability_aware_selector,402775.817,12
baseline,0.05,execution_penalty,Family Best,Baseline,family_best_model,537406.724,13
baseline,0.05,execution_penalty,Best Inventory,Baseline,best_inventory_cost_model,546133.345,14
baseline,0.05,execution_penalty,Global Best,Baseline,global_best_model,546133.345,14
baseline,0.05,execution_penalty,Oracle,Oracle,oracle_realized_demand,680523.022,16
baseline,0.05,execution_violation_rate,Best Stability,Baseline,best_stability_model,0.0,1
baseline,0.05,execution_violation_rate,Utility Alpha,FeasibilityAwareSmoothed,feasibility_aware_smoothed_utility_alpha,0.0,1
baseline,0.05,execution_violation_rate,Smoothed Alpha 0.25,FeasibilityAwareSmoothed,feasibility_aware_smoothed_alpha_0_25,0.001,3
baseline,0.05,execution_violation_rate,Smoothed Alpha 0.50,FeasibilityAwareSmoothed,feasibility_aware_smoothed_alpha_0_50,0.042,4
baseline,0.05,execution_violation_rate,Simple Ensemble,ReferenceEnsemble,simple_ensemble,0.066,5
baseline,0.05,execution_violation_rate,Operational Ensemble,FeasibilityAwareEnsemble,feasibility_aware_ensemble_inverse_operational_loss,0.133,6
baseline,0.05,execution_violation_rate,Accuracy Ensemble,FeasibilityAwareEnsemble,feasibility_aware_ensemble_inverse_accuracy,0.16,7
baseline,0.05,execution_violation_rate,Constrained Ensemble,FeasibilityAwareEnsemble,feasibility_aware_ensemble_constrained,0.16,7
baseline,0.05,execution_violation_rate,Scenario Alpha,FeasibilityAwareSmoothed,feasibility_aware_smoothed_scenario_alpha,0.164,9
baseline,0.05,execution_violation_rate,Smoothed Alpha 0.75,FeasibilityAwareSmoothed,feasibility_aware_smoothed_alpha_0_75,0.164,9
baseline,0.05,execution_violation_rate,Feasibility-Aware,Baseline,feasibility_aware_selector,0.232,11
baseline,0.05,execution_violation_rate,Stability-Aware,Baseline,stability_aware_selector,0.258,12
baseline,0.05,execution_violation_rate,Family Best,Baseline,family_best_model,0.279,13
baseline,0.05,execution_violation_rate,Best Inventory,Baseline,best_inventory_cost_model,0.284,14
baseline,0.05,execution_violation_rate,Global Best,Baseline,global_best_model,0.284,14
baseline,0.05,execution_violation_rate,Oracle,Oracle,oracle_realized_demand,0.345,16
baseline,0.05,gap_to_oracle,Oracle,Oracle,oracle_realized_demand,0.0,1
baseline,0.05,gap_to_oracle,Operational Ensemble,FeasibilityAwareEnsemble,feasibility_aware_ensemble_inverse_operational_loss,0.229,2
baseline,0.05,gap_to_oracle,Accuracy Ensemble,FeasibilityAwareEnsemble,feasibility_aware_ensemble_inverse_accuracy,0.236,3
baseline,0.05,gap_to_oracle,Constrained Ensemble,FeasibilityAwareEnsemble,feasibility_aware_ensemble_constrained,0.236,3
baseline,0.05,gap_to_oracle,Simple Ensemble,ReferenceEnsemble,simple_ensemble,0.242,5
baseline,0.05,gap_to_oracle,Best Inventory,Baseline,best_inventory_cost_model,0.357,6
baseline,0.05,gap_to_oracle,Global Best,Baseline,global_best_model,0.357,6
baseline,0.05,gap_to_oracle,Family Best,Baseline,family_best_model,0.37,8
baseline,0.05,gap_to_oracle,Smoothed Alpha 0.25,FeasibilityAwareSmoothed,feasibility_aware_smoothed_alpha_0_25,0.454,9
baseline,0.05,gap_to_oracle,Smoothed Alpha 0.50,FeasibilityAwareSmoothed,feasibility_aware_smoothed_alpha_0_50,0.495,10
baseline,0.05,gap_to_oracle,Best Stability,Baseline,best_stability_model,0.573,11
baseline,0.05,gap_to_oracle,Utility Alpha,FeasibilityAwareSmoothed,feasibility_aware_smoothed_utility_alpha,0.643,12
baseline,0.05,gap_to_oracle,Stability-Aware,Baseline,stability_aware_selector,0.746,13
baseline,0.05,gap_to_oracle,Scenario Alpha,FeasibilityAwareSmoothed,feasibility_aware_smoothed_scenario_alpha,0.893,14
baseline,0.05,gap_to_oracle,Smoothed Alpha 0.75,FeasibilityAwareSmoothed,feasibility_aware_smoothed_alpha_0_75,0.893,14
baseline,0.05,gap_to_oracle,Feasibility-Aware,Baseline,feasibility_aware_selector,1.718,16
baseline,0.05,inventory_cost,Oracle,Oracle,oracle_realized_demand,1633182.571,1
baseline,0.05,inventory_cost,Best Inventory,Baseline,best_inventory_cost_model,3010924.926,2
baseline,0.05,inventory_cost,Global Best,Baseline,global_best_model,3010924.926,2
baseline,0.05,inventory_cost,Family Best,Baseline,family_best_model,3064462.341,4
baseline,0.05,inventory_cost,Scenario Alpha,FeasibilityAwareSmoothed,feasibility_aware_smoothed_scenario_alpha,3156505.409,5
baseline,0.05,inventory_cost,Smoothed Alpha 0.75,FeasibilityAwareSmoothed,feasibility_aware_smoothed_alpha_0_75,3156505.409,5
baseline,0.05,inventory_cost,Accuracy Ensemble,FeasibilityAwareEnsemble,feasibility_aware_ensemble_inverse_accuracy,3157861.074,7
baseline,0.05,inventory_cost,Constrained Ensemble,FeasibilityAwareEnsemble,feasibility_aware_ensemble_constrained,3157861.074,7
baseline,0.05,inventory_cost,Operational Ensemble,FeasibilityAwareEnsemble,feasibility_aware_ensemble_inverse_operational_loss,3201550.617,9
baseline,0.05,inventory_cost,Stability-Aware,Baseline,stability_aware_selector,3251369.903,10
baseline,0.05,inventory_cost,Feasibility-Aware,Baseline,feasibility_aware_selector,3375551.068,11
baseline,0.05,inventory_cost,Simple Ensemble,ReferenceEnsemble,simple_ensemble,3412038.615,12
baseline,0.05,inventory_cost,Smoothed Alpha 0.50,FeasibilityAwareSmoothed,feasibility_aware_smoothed_alpha_0_50,3593970.514,13
baseline,0.05,inventory_cost,Smoothed Alpha 0.25,FeasibilityAwareSmoothed,feasibility_aware_smoothed_alpha_0_25,4515961.102,14
baseline,0.05,inventory_cost,Best Stability,Baseline,best_stability_model,5263648.54,15
baseline,0.05,inventory_cost,Utility Alpha,FeasibilityAwareSmoothed,feasibility_aware_smoothed_utility_alpha,5373682.296,16
baseline,0.05,max_period_plan_change_pct,Utility Alpha,FeasibilityAwareSmoothed,feasibility_aware_smoothed_utility_alpha,0.095,1
baseline,0.05,max_period_plan_change_pct,Best Stability,Baseline,best_stability_model,0.184,2
baseline,0.05,max_period_plan_change_pct,Smoothed Alpha 0.25,FeasibilityAwareSmoothed,feasibility_aware_smoothed_alpha_0_25,0.226,3
baseline,0.05,max_period_plan_change_pct,Smoothed Alpha 0.50,FeasibilityAwareSmoothed,feasibility_aware_smoothed_alpha_0_50,0.383,4
baseline,0.05,max_period_plan_change_pct,Scenario Alpha,FeasibilityAwareSmoothed,feasibility_aware_smoothed_scenario_alpha,0.525,5
baseline,0.05,max_period_plan_change_pct,Smoothed Alpha 0.75,FeasibilityAwareSmoothed,feasibility_aware_smoothed_alpha_0_75,0.525,5
baseline,0.05,max_period_plan_change_pct,Stability-Aware,Baseline,stability_aware_selector,0.531,7
baseline,0.05,max_period_plan_change_pct,Simple Ensemble,ReferenceEnsemble,simple_ensemble,0.578,8
baseline,0.05,max_period_plan_change_pct,Feasibility-Aware,Baseline,feasibility_aware_selector,0.581,9
baseline,0.05,max_period_plan_change_pct,Operational Ensemble,FeasibilityAwareEnsemble,feasibility_aware_ensemble_inverse_operational_loss,0.615,10
baseline,0.05,max_period_plan_change_pct,Accuracy Ensemble,FeasibilityAwareEnsemble,feasibility_aware_ensemble_inverse_accuracy,0.632,11
baseline,0.05,max_period_plan_change_pct,Constrained Ensemble,FeasibilityAwareEnsemble,feasibility_aware_ensemble_constrained,0.632,11
baseline,0.05,max_period_plan_change_pct,Best Inventory,Baseline,best_inventory_cost_model,0.764,13
baseline,0.05,max_period_plan_change_pct,Family Best,Baseline,family_best_model,0.764,13
baseline,0.05,max_period_plan_change_pct,Global Best,Baseline,global_best_model,0.764,13
baseline,0.05,max_period_plan_change_pct,Oracle,Oracle,oracle_realized_demand,1.351,16
baseline,0.05,model_switch_count,Accuracy Ensemble,FeasibilityAwareEnsemble,feasibility_aware_ensemble_inverse_accuracy,0.0,1
baseline,0.05,model_switch_count,Best Inventory,Baseline,best_inventory_cost_model,0.0,1
baseline,0.05,model_switch_count,Best Stability,Baseline,best_stability_model,0.0,1
baseline,0.05,model_switch_count,Constrained Ensemble,FeasibilityAwareEnsemble,feasibility_aware_ensemble_constrained,0.0,1
baseline,0.05,model_switch_count,Family Best,Baseline,family_best_model,0.0,1
baseline,0.05,model_switch_count,Global Best,Baseline,global_best_model,0.0,1
baseline,0.05,model_switch_count,Operational Ensemble,FeasibilityAwareEnsemble,feasibility_aware_ensemble_inverse_operational_loss,0.0,1
baseline,0.05,model_switch_count,Oracle,Oracle,oracle_realized_demand,0.0,1
baseline,0.05,model_switch_count,Simple Ensemble,ReferenceEnsemble,simple_ensemble,0.0,1
baseline,0.05,model_switch_count,Utility Alpha,FeasibilityAwareSmoothed,feasibility_aware_smoothed_utility_alpha,0.0,1
baseline,0.05,model_switch_count,Smoothed Alpha 0.25,FeasibilityAwareSmoothed,feasibility_aware_smoothed_alpha_0_25,9.0,11
baseline,0.05,model_switch_count,Smoothed Alpha 0.50,FeasibilityAwareSmoothed,feasibility_aware_smoothed_alpha_0_50,132.0,12
baseline,0.05,model_switch_count,Stability-Aware,Baseline,stability_aware_selector,213.0,13
baseline,0.05,model_switch_count,Scenario Alpha,FeasibilityAwareSmoothed,feasibility_aware_smoothed_scenario_alpha,380.0,14
baseline,0.05,model_switch_count,Smoothed Alpha 0.75,FeasibilityAwareSmoothed,feasibility_aware_smoothed_alpha_0_75,380.0,14
baseline,0.05,model_switch_count,Feasibility-Aware,Baseline,feasibility_aware_selector,781.0,16
baseline,0.05,normalized_total_loss,Oracle,Oracle,oracle_realized_demand,1.193,1
baseline,0.05,normalized_total_loss,Operational Ensemble,FeasibilityAwareEnsemble,feasibility_aware_ensemble_inverse_operational_loss,1.422,2
baseline,0.05,normalized_total_loss,Accuracy Ensemble,FeasibilityAwareEnsemble,feasibility_aware_ensemble_inverse_accuracy,1.429,3
baseline,0.05,normalized_total_loss,Constrained Ensemble,FeasibilityAwareEnsemble,feasibility_aware_ensemble_constrained,1.429,3
baseline,0.05,normalized_total_loss,Simple Ensemble,ReferenceEnsemble,simple_ensemble,1.434,5
baseline,0.05,normalized_total_loss,Best Inventory,Baseline,best_inventory_cost_model,1.55,6
baseline,0.05,normalized_total_loss,Global Best,Baseline,global_best_model,1.55,6
baseline,0.05,normalized_total_loss,Family Best,Baseline,family_best_model,1.563,8
baseline,0.05,normalized_total_loss,Smoothed Alpha 0.25,FeasibilityAwareSmoothed,feasibility_aware_smoothed_alpha_0_25,1.646,9
baseline,0.05,normalized_total_loss,Smoothed Alpha 0.50,FeasibilityAwareSmoothed,feasibility_aware_smoothed_alpha_0_50,1.687,10
baseline,0.05,normalized_total_loss,Best Stability,Baseline,best_stability_model,1.766,11
baseline,0.05,normalized_total_loss,Utility Alpha,FeasibilityAwareSmoothed,feasibility_aware_smoothed_utility_alpha,1.836,12
baseline,0.05,normalized_total_loss,Stability-Aware,Baseline,stability_aware_selector,1.939,13
baseline,0.05,normalized_total_loss,Scenario Alpha,FeasibilityAwareSmoothed,feasibility_aware_smoothed_scenario_alpha,2.085,14
baseline,0.05,normalized_total_loss,Smoothed Alpha 0.75,FeasibilityAwareSmoothed,feasibility_aware_smoothed_alpha_0_75,2.085,14
baseline,0.05,normalized_total_loss,Feasibility-Aware,Baseline,feasibility_aware_selector,2.911,16
baseline,0.05,planning_volatility,Best Stability,Baseline,best_stability_model,14.814,1
baseline,0.05,planning_volatility,Utility Alpha,FeasibilityAwareSmoothed,feasibility_aware_smoothed_utility_alpha,42.201,2
baseline,0.05,planning_volatility,Smoothed Alpha 0.25,FeasibilityAwareSmoothed,feasibility_aware_smoothed_alpha_0_25,109.008,3
baseline,0.05,planning_volatility,Smoothed Alpha 0.50,FeasibilityAwareSmoothed,feasibility_aware_smoothed_alpha_0_50,223.073,4
baseline,0.05,planning_volatility,Simple Ensemble,ReferenceEnsemble,simple_ensemble,246.143,5
baseline,0.05,planning_volatility,Operational Ensemble,FeasibilityAwareEnsemble,feasibility_aware_ensemble_inverse_operational_loss,288.69,6
baseline,0.05,planning_volatility,Accuracy Ensemble,FeasibilityAwareEnsemble,feasibility_aware_ensemble_inverse_accuracy,303.581,7
baseline,0.05,planning_volatility,Constrained Ensemble,FeasibilityAwareEnsemble,feasibility_aware_ensemble_constrained,303.581,7
baseline,0.05,planning_volatility,Scenario Alpha,FeasibilityAwareSmoothed,feasibility_aware_smoothed_scenario_alpha,315.632,9
baseline,0.05,planning_volatility,Smoothed Alpha 0.75,FeasibilityAwareSmoothed,feasibility_aware_smoothed_alpha_0_75,315.632,9
baseline,0.05,planning_volatility,Feasibility-Aware,Baseline,feasibility_aware_selector,364.328,11
baseline,0.05,planning_volatility,Stability-Aware,Baseline,stability_aware_selector,384.274,12
baseline,0.05,planning_volatility,Family Best,Baseline,family_best_model,411.535,13
baseline,0.05,planning_volatility,Best Inventory,Baseline,best_inventory_cost_model,414.964,14
baseline,0.05,planning_volatility,Global Best,Baseline,global_best_model,414.964,14
baseline,0.05,planning_volatility,Oracle,Oracle,oracle_realized_demand,487.867,16
dataco_high,0.341,WAPE,Oracle,Oracle,oracle_realized_demand,0.0,1
dataco_high,0.341,WAPE,Smoothed Alpha 0.50,FeasibilityAwareSmoothed,feasibility_aware_smoothed_alpha_0_50,0.108,2
dataco_high,0.341,WAPE,Utility Alpha,FeasibilityAwareSmoothed,feasibility_aware_smoothed_utility_alpha,0.109,3
dataco_high,0.341,WAPE,Best Inventory,Baseline,best_inventory_cost_model,0.109,4
dataco_high,0.341,WAPE,Global Best,Baseline,global_best_model,0.109,4
dataco_high,0.341,WAPE,Smoothed Alpha 0.75,FeasibilityAwareSmoothed,feasibility_aware_smoothed_alpha_0_75,0.109,6
dataco_high,0.341,WAPE,Scenario Alpha,FeasibilityAwareSmoothed,feasibility_aware_smoothed_scenario_alpha,0.109,7
dataco_high,0.341,WAPE,Smoothed Alpha 0.25,FeasibilityAwareSmoothed,feasibility_aware_smoothed_alpha_0_25,0.109,7
dataco_high,0.341,WAPE,Family Best,Baseline,family_best_model,0.11,9
dataco_high,0.341,WAPE,Stability-Aware,Baseline,stability_aware_selector,0.113,10
dataco_high,0.341,WAPE,Feasibility-Aware,Baseline,feasibility_aware_selector,0.116,11
dataco_high,0.341,WAPE,Accuracy Ensemble,FeasibilityAwareEnsemble,feasibility_aware_ensemble_inverse_accuracy,0.117,12
dataco_high,0.341,WAPE,Constrained Ensemble,FeasibilityAwareEnsemble,feasibility_aware_ensemble_constrained,0.119,13
dataco_high,0.341,WAPE,Operational Ensemble,FeasibilityAwareEnsemble,feasibility_aware_ensemble_inverse_operational_loss,0.12,14
dataco_high,0.341,WAPE,Simple Ensemble,ReferenceEnsemble,simple_ensemble,0.129,15
dataco_high,0.341,WAPE,Best Stability,Baseline,best_stability_model,0.188,16
dataco_high,0.341,execution_penalty,Best Stability,Baseline,best_stability_model,0.0,1
dataco_high,0.341,execution_penalty,Utility Alpha,FeasibilityAwareSmoothed,feasibility_aware_smoothed_utility_alpha,0.0,1
dataco_high,0.341,execution_penalty,Scenario Alpha,FeasibilityAwareSmoothed,feasibility_aware_smoothed_scenario_alpha,102.215,3
dataco_high,0.341,execution_penalty,Smoothed Alpha 0.25,FeasibilityAwareSmoothed,feasibility_aware_smoothed_alpha_0_25,102.215,3
dataco_high,0.341,execution_penalty,Smoothed Alpha 0.50,FeasibilityAwareSmoothed,feasibility_aware_smoothed_alpha_0_50,22311.979,5
dataco_high,0.341,execution_penalty,Simple Ensemble,ReferenceEnsemble,simple_ensemble,47421.135,6
dataco_high,0.341,execution_penalty,Operational Ensemble,FeasibilityAwareEnsemble,feasibility_aware_ensemble_inverse_operational_loss,103259.642,7
dataco_high,0.341,execution_penalty,Constrained Ensemble,FeasibilityAwareEnsemble,feasibility_aware_ensemble_constrained,114912.077,8
dataco_high,0.341,execution_penalty,Accuracy Ensemble,FeasibilityAwareEnsemble,feasibility_aware_ensemble_inverse_accuracy,154524.33,9
dataco_high,0.341,execution_penalty,Smoothed Alpha 0.75,FeasibilityAwareSmoothed,feasibility_aware_smoothed_alpha_0_75,162839.995,10
dataco_high,0.341,execution_penalty,Feasibility-Aware,Baseline,feasibility_aware_selector,365116.914,11
dataco_high,0.341,execution_penalty,Stability-Aware,Baseline,stability_aware_selector,402775.817,12
dataco_high,0.341,execution_penalty,Family Best,Baseline,family_best_model,537406.724,13
dataco_high,0.341,execution_penalty,Best Inventory,Baseline,best_inventory_cost_model,546133.345,14
dataco_high,0.341,execution_penalty,Global Best,Baseline,global_best_model,546133.345,14
dataco_high,0.341,execution_penalty,Oracle,Oracle,oracle_realized_demand,680523.022,16
dataco_high,0.341,execution_violation_rate,Best Stability,Baseline,best_stability_model,0.0,1
dataco_high,0.341,execution_violation_rate,Utility Alpha,FeasibilityAwareSmoothed,feasibility_aware_smoothed_utility_alpha,0.0,1
dataco_high,0.341,execution_violation_rate,Scenario Alpha,FeasibilityAwareSmoothed,feasibility_aware_smoothed_scenario_alpha,0.001,3
dataco_high,0.341,execution_violation_rate,Smoothed Alpha 0.25,FeasibilityAwareSmoothed,feasibility_aware_smoothed_alpha_0_25,0.001,3
dataco_high,0.341,execution_violation_rate,Smoothed Alpha 0.50,FeasibilityAwareSmoothed,feasibility_aware_smoothed_alpha_0_50,0.041,5
dataco_high,0.341,execution_violation_rate,Simple Ensemble,ReferenceEnsemble,simple_ensemble,0.066,6
dataco_high,0.341,execution_violation_rate,Operational Ensemble,FeasibilityAwareEnsemble,feasibility_aware_ensemble_inverse_operational_loss,0.122,7
dataco_high,0.341,execution_violation_rate,Constrained Ensemble,FeasibilityAwareEnsemble,feasibility_aware_ensemble_constrained,0.131,8
dataco_high,0.341,execution_violation_rate,Accuracy Ensemble,FeasibilityAwareEnsemble,feasibility_aware_ensemble_inverse_accuracy,0.16,9
dataco_high,0.341,execution_violation_rate,Smoothed Alpha 0.75,FeasibilityAwareSmoothed,feasibility_aware_smoothed_alpha_0_75,0.16,10
dataco_high,0.341,execution_violation_rate,Feasibility-Aware,Baseline,feasibility_aware_selector,0.232,11
dataco_high,0.341,execution_violation_rate,Stability-Aware,Baseline,stability_aware_selector,0.258,12
dataco_high,0.341,execution_violation_rate,Family Best,Baseline,family_best_model,0.279,13
dataco_high,0.341,execution_violation_rate,Best Inventory,Baseline,best_inventory_cost_model,0.284,14
dataco_high,0.341,execution_violation_rate,Global Best,Baseline,global_best_model,0.284,14
dataco_high,0.341,execution_violation_rate,Oracle,Oracle,oracle_realized_demand,0.345,16
dataco_high,0.341,gap_to_oracle,Simple Ensemble,ReferenceEnsemble,simple_ensemble,-0.095,1
dataco_high,0.341,gap_to_oracle,Operational Ensemble,FeasibilityAwareEnsemble,feasibility_aware_ensemble_inverse_operational_loss,-0.081,2
dataco_high,0.341,gap_to_oracle,Constrained Ensemble,FeasibilityAwareEnsemble,feasibility_aware_ensemble_constrained,-0.073,3
dataco_high,0.341,gap_to_oracle,Accuracy Ensemble,FeasibilityAwareEnsemble,feasibility_aware_ensemble_inverse_accuracy,-0.044,4
dataco_high,0.341,gap_to_oracle,Oracle,Oracle,oracle_realized_demand,0.0,5
dataco_high,0.341,gap_to_oracle,Scenario Alpha,FeasibilityAwareSmoothed,feasibility_aware_smoothed_scenario_alpha,0.101,6
dataco_high,0.341,gap_to_oracle,Smoothed Alpha 0.25,FeasibilityAwareSmoothed,feasibility_aware_smoothed_alpha_0_25,0.101,6
dataco_high,0.341,gap_to_oracle,Best Stability,Baseline,best_stability_model,0.211,8
dataco_high,0.341,gap_to_oracle,Utility Alpha,FeasibilityAwareSmoothed,feasibility_aware_smoothed_utility_alpha,0.281,9
dataco_high,0.341,gap_to_oracle,Best Inventory,Baseline,best_inventory_cost_model,0.286,10
dataco_high,0.341,gap_to_oracle,Global Best,Baseline,global_best_model,0.286,10
dataco_high,0.341,gap_to_oracle,Family Best,Baseline,family_best_model,0.294,12
dataco_high,0.341,gap_to_oracle,Smoothed Alpha 0.50,FeasibilityAwareSmoothed,feasibility_aware_smoothed_alpha_0_50,0.356,13
dataco_high,0.341,gap_to_oracle,Stability-Aware,Baseline,stability_aware_selector,0.807,14
dataco_high,0.341,gap_to_oracle,Smoothed Alpha 0.75,FeasibilityAwareSmoothed,feasibility_aware_smoothed_alpha_0_75,1.162,15
dataco_high,0.341,gap_to_oracle,Feasibility-Aware,Baseline,feasibility_aware_selector,2.316,16
dataco_high,0.341,inventory_cost,Oracle,Oracle,oracle_realized_demand,1633182.571,1
dataco_high,0.341,inventory_cost,Best Inventory,Baseline,best_inventory_cost_model,3010924.926,2
dataco_high,0.341,inventory_cost,Global Best,Baseline,global_best_model,3010924.926,2
dataco_high,0.341,inventory_cost,Family Best,Baseline,family_best_model,3064462.341,4
dataco_high,0.341,inventory_cost,Accuracy Ensemble,FeasibilityAwareEnsemble,feasibility_aware_ensemble_inverse_accuracy,3157861.074,5
dataco_high,0.341,inventory_cost,Smoothed Alpha 0.75,FeasibilityAwareSmoothed,feasibility_aware_smoothed_alpha_0_75,3171084.953,6
dataco_high,0.341,inventory_cost,Constrained Ensemble,FeasibilityAwareEnsemble,feasibility_aware_ensemble_constrained,3204681.415,7
dataco_high,0.341,inventory_cost,Operational Ensemble,FeasibilityAwareEnsemble,feasibility_aware_ensemble_inverse_operational_loss,3222711.072,8
dataco_high,0.341,inventory_cost,Stability-Aware,Baseline,stability_aware_selector,3251369.903,9
dataco_high,0.341,inventory_cost,Feasibility-Aware,Baseline,feasibility_aware_selector,3375551.068,10
dataco_high,0.341,inventory_cost,Simple Ensemble,ReferenceEnsemble,simple_ensemble,3412038.615,11
dataco_high,0.341,inventory_cost,Smoothed Alpha 0.50,FeasibilityAwareSmoothed,feasibility_aware_smoothed_alpha_0_50,3603641.853,12
dataco_high,0.341,inventory_cost,Scenario Alpha,FeasibilityAwareSmoothed,feasibility_aware_smoothed_scenario_alpha,4515961.102,13
dataco_high,0.341,inventory_cost,Smoothed Alpha 0.25,FeasibilityAwareSmoothed,feasibility_aware_smoothed_alpha_0_25,4515961.102,13
dataco_high,0.341,inventory_cost,Best Stability,Baseline,best_stability_model,5263648.54,15
dataco_high,0.341,inventory_cost,Utility Alpha,FeasibilityAwareSmoothed,feasibility_aware_smoothed_utility_alpha,5373682.296,16
dataco_high,0.341,max_period_plan_change_pct,Utility Alpha,FeasibilityAwareSmoothed,feasibility_aware_smoothed_utility_alpha,0.095,1
dataco_high,0.341,max_period_plan_change_pct,Best Stability,Baseline,best_stability_model,0.184,2
dataco_high,0.341,max_period_plan_change_pct,Scenario Alpha,FeasibilityAwareSmoothed,feasibility_aware_smoothed_scenario_alpha,0.226,3
dataco_high,0.341,max_period_plan_change_pct,Smoothed Alpha 0.25,FeasibilityAwareSmoothed,feasibility_aware_smoothed_alpha_0_25,0.226,3
dataco_high,0.341,max_period_plan_change_pct,Smoothed Alpha 0.50,FeasibilityAwareSmoothed,feasibility_aware_smoothed_alpha_0_50,0.383,5
dataco_high,0.341,max_period_plan_change_pct,Smoothed Alpha 0.75,FeasibilityAwareSmoothed,feasibility_aware_smoothed_alpha_0_75,0.526,6
dataco_high,0.341,max_period_plan_change_pct,Stability-Aware,Baseline,stability_aware_selector,0.531,7
dataco_high,0.341,max_period_plan_change_pct,Simple Ensemble,ReferenceEnsemble,simple_ensemble,0.578,8
dataco_high,0.341,max_period_plan_change_pct,Feasibility-Aware,Baseline,feasibility_aware_selector,0.581,9
dataco_high,0.341,max_period_plan_change_pct,Operational Ensemble,FeasibilityAwareEnsemble,feasibility_aware_ensemble_inverse_operational_loss,0.598,10
dataco_high,0.341,max_period_plan_change_pct,Constrained Ensemble,FeasibilityAwareEnsemble,feasibility_aware_ensemble_constrained,0.606,11
dataco_high,0.341,max_period_plan_change_pct,Accuracy Ensemble,FeasibilityAwareEnsemble,feasibility_aware_ensemble_inverse_accuracy,0.632,12
dataco_high,0.341,max_period_plan_change_pct,Best Inventory,Baseline,best_inventory_cost_model,0.764,13
dataco_high,0.341,max_period_plan_change_pct,Family Best,Baseline,family_best_model,0.764,13
dataco_high,0.341,max_period_plan_change_pct,Global Best,Baseline,global_best_model,0.764,13
dataco_high,0.341,max_period_plan_change_pct,Oracle,Oracle,oracle_realized_demand,1.351,16
dataco_high,0.341,model_switch_count,Accuracy Ensemble,FeasibilityAwareEnsemble,feasibility_aware_ensemble_inverse_accuracy,0.0,1
dataco_high,0.341,model_switch_count,Best Inventory,Baseline,best_inventory_cost_model,0.0,1
dataco_high,0.341,model_switch_count,Best Stability,Baseline,best_stability_model,0.0,1
dataco_high,0.341,model_switch_count,Constrained Ensemble,FeasibilityAwareEnsemble,feasibility_aware_ensemble_constrained,0.0,1
dataco_high,0.341,model_switch_count,Family Best,Baseline,family_best_model,0.0,1
dataco_high,0.341,model_switch_count,Global Best,Baseline,global_best_model,0.0,1
dataco_high,0.341,model_switch_count,Operational Ensemble,FeasibilityAwareEnsemble,feasibility_aware_ensemble_inverse_operational_loss,0.0,1
dataco_high,0.341,model_switch_count,Oracle,Oracle,oracle_realized_demand,0.0,1
dataco_high,0.341,model_switch_count,Simple Ensemble,ReferenceEnsemble,simple_ensemble,0.0,1
dataco_high,0.341,model_switch_count,Utility Alpha,FeasibilityAwareSmoothed,feasibility_aware_smoothed_utility_alpha,0.0,1
dataco_high,0.341,model_switch_count,Scenario Alpha,FeasibilityAwareSmoothed,feasibility_aware_smoothed_scenario_alpha,9.0,11
dataco_high,0.341,model_switch_count,Smoothed Alpha 0.25,FeasibilityAwareSmoothed,feasibility_aware_smoothed_alpha_0_25,9.0,11
dataco_high,0.341,model_switch_count,Smoothed Alpha 0.50,FeasibilityAwareSmoothed,feasibility_aware_smoothed_alpha_0_50,162.0,13
dataco_high,0.341,model_switch_count,Stability-Aware,Baseline,stability_aware_selector,213.0,14
dataco_high,0.341,model_switch_count,Smoothed Alpha 0.75,FeasibilityAwareSmoothed,feasibility_aware_smoothed_alpha_0_75,444.0,15
dataco_high,0.341,model_switch_count,Feasibility-Aware,Baseline,feasibility_aware_selector,781.0,16
dataco_high,0.341,normalized_total_loss,Simple Ensemble,ReferenceEnsemble,simple_ensemble,1.459,1
dataco_high,0.341,normalized_total_loss,Operational Ensemble,FeasibilityAwareEnsemble,feasibility_aware_ensemble_inverse_operational_loss,1.473,2
dataco_high,0.341,normalized_total_loss,Constrained Ensemble,FeasibilityAwareEnsemble,feasibility_aware_ensemble_constrained,1.481,3
dataco_high,0.341,normalized_total_loss,Accuracy Ensemble,FeasibilityAwareEnsemble,feasibility_aware_ensemble_inverse_accuracy,1.511,4
dataco_high,0.341,normalized_total_loss,Oracle,Oracle,oracle_realized_demand,1.555,5
dataco_high,0.341,normalized_total_loss,Scenario Alpha,FeasibilityAwareSmoothed,feasibility_aware_smoothed_scenario_alpha,1.655,6
dataco_high,0.341,normalized_total_loss,Smoothed Alpha 0.25,FeasibilityAwareSmoothed,feasibility_aware_smoothed_alpha_0_25,1.655,6
dataco_high,0.341,normalized_total_loss,Best Stability,Baseline,best_stability_model,1.766,8
dataco_high,0.341,normalized_total_loss,Utility Alpha,FeasibilityAwareSmoothed,feasibility_aware_smoothed_utility_alpha,1.836,9
dataco_high,0.341,normalized_total_loss,Best Inventory,Baseline,best_inventory_cost_model,1.841,10
dataco_high,0.341,normalized_total_loss,Global Best,Baseline,global_best_model,1.841,10
dataco_high,0.341,normalized_total_loss,Family Best,Baseline,family_best_model,1.849,12
dataco_high,0.341,normalized_total_loss,Smoothed Alpha 0.50,FeasibilityAwareSmoothed,feasibility_aware_smoothed_alpha_0_50,1.911,13
dataco_high,0.341,normalized_total_loss,Stability-Aware,Baseline,stability_aware_selector,2.362,14
dataco_high,0.341,normalized_total_loss,Smoothed Alpha 0.75,FeasibilityAwareSmoothed,feasibility_aware_smoothed_alpha_0_75,2.717,15
dataco_high,0.341,normalized_total_loss,Feasibility-Aware,Baseline,feasibility_aware_selector,3.87,16
dataco_high,0.341,planning_volatility,Best Stability,Baseline,best_stability_model,14.814,1
dataco_high,0.341,planning_volatility,Utility Alpha,FeasibilityAwareSmoothed,feasibility_aware_smoothed_utility_alpha,42.201,2
dataco_high,0.341,planning_volatility,Scenario Alpha,FeasibilityAwareSmoothed,feasibility_aware_smoothed_scenario_alpha,109.008,3
dataco_high,0.341,planning_volatility,Smoothed Alpha 0.25,FeasibilityAwareSmoothed,feasibility_aware_smoothed_alpha_0_25,109.008,3
dataco_high,0.341,planning_volatility,Smoothed Alpha 0.50,FeasibilityAwareSmoothed,feasibility_aware_smoothed_alpha_0_50,222.281,5
dataco_high,0.341,planning_volatility,Simple Ensemble,ReferenceEnsemble,simple_ensemble,246.143,6
dataco_high,0.341,planning_volatility,Operational Ensemble,FeasibilityAwareEnsemble,feasibility_aware_ensemble_inverse_operational_loss,281.129,7
dataco_high,0.341,planning_volatility,Constrained Ensemble,FeasibilityAwareEnsemble,feasibility_aware_ensemble_constrained,286.715,8
dataco_high,0.341,planning_volatility,Accuracy Ensemble,FeasibilityAwareEnsemble,feasibility_aware_ensemble_inverse_accuracy,303.581,9
dataco_high,0.341,planning_volatility,Smoothed Alpha 0.75,FeasibilityAwareSmoothed,feasibility_aware_smoothed_alpha_0_75,313.946,10
dataco_high,0.341,planning_volatility,Feasibility-Aware,Baseline,feasibility_aware_selector,364.328,11
dataco_high,0.341,planning_volatility,Stability-Aware,Baseline,stability_aware_selector,384.274,12
dataco_high,0.341,planning_volatility,Family Best,Baseline,family_best_model,411.535,13
dataco_high,0.341,planning_volatility,Best Inventory,Baseline,best_inventory_cost_model,414.964,14
dataco_high,0.341,planning_volatility,Global Best,Baseline,global_best_model,414.964,14
dataco_high,0.341,planning_volatility,Oracle,Oracle,oracle_realized_demand,487.867,16
dataco_low,0.318,WAPE,Oracle,Oracle,oracle_realized_demand,0.0,1
dataco_low,0.318,WAPE,Scenario Alpha,FeasibilityAwareSmoothed,feasibility_aware_smoothed_scenario_alpha,0.108,2
dataco_low,0.318,WAPE,Smoothed Alpha 0.50,FeasibilityAwareSmoothed,feasibility_aware_smoothed_alpha_0_50,0.108,2
dataco_low,0.318,WAPE,Utility Alpha,FeasibilityAwareSmoothed,feasibility_aware_smoothed_utility_alpha,0.109,4
dataco_low,0.318,WAPE,Smoothed Alpha 0.75,FeasibilityAwareSmoothed,feasibility_aware_smoothed_alpha_0_75,0.109,5
dataco_low,0.318,WAPE,Best Inventory,Baseline,best_inventory_cost_model,0.109,6
dataco_low,0.318,WAPE,Global Best,Baseline,global_best_model,0.109,6
dataco_low,0.318,WAPE,Smoothed Alpha 0.25,FeasibilityAwareSmoothed,feasibility_aware_smoothed_alpha_0_25,0.109,8
dataco_low,0.318,WAPE,Family Best,Baseline,family_best_model,0.11,9
dataco_low,0.318,WAPE,Stability-Aware,Baseline,stability_aware_selector,0.113,10
dataco_low,0.318,WAPE,Feasibility-Aware,Baseline,feasibility_aware_selector,0.116,11
dataco_low,0.318,WAPE,Accuracy Ensemble,FeasibilityAwareEnsemble,feasibility_aware_ensemble_inverse_accuracy,0.117,12
dataco_low,0.318,WAPE,Constrained Ensemble,FeasibilityAwareEnsemble,feasibility_aware_ensemble_constrained,0.118,13
dataco_low,0.318,WAPE,Operational Ensemble,FeasibilityAwareEnsemble,feasibility_aware_ensemble_inverse_operational_loss,0.12,14
dataco_low,0.318,WAPE,Simple Ensemble,ReferenceEnsemble,simple_ensemble,0.129,15
dataco_low,0.318,WAPE,Best Stability,Baseline,best_stability_model,0.188,16
dataco_low,0.318,execution_penalty,Best Stability,Baseline,best_stability_model,0.0,1
dataco_low,0.318,execution_penalty,Utility Alpha,FeasibilityAwareSmoothed,feasibility_aware_smoothed_utility_alpha,0.0,1
dataco_low,0.318,execution_penalty,Smoothed Alpha 0.25,FeasibilityAwareSmoothed,feasibility_aware_smoothed_alpha_0_25,102.215,3
dataco_low,0.318,execution_penalty,Scenario Alpha,FeasibilityAwareSmoothed,feasibility_aware_smoothed_scenario_alpha,22325.997,4
dataco_low,0.318,execution_penalty,Smoothed Alpha 0.50,FeasibilityAwareSmoothed,feasibility_aware_smoothed_alpha_0_50,22325.997,4
dataco_low,0.318,execution_penalty,Simple Ensemble,ReferenceEnsemble,simple_ensemble,47421.135,6
dataco_low,0.318,execution_penalty,Operational Ensemble,FeasibilityAwareEnsemble,feasibility_aware_ensemble_inverse_operational_loss,104381.142,7
dataco_low,0.318,execution_penalty,Constrained Ensemble,FeasibilityAwareEnsemble,feasibility_aware_ensemble_constrained,128111.146,8
dataco_low,0.318,execution_penalty,Accuracy Ensemble,FeasibilityAwareEnsemble,feasibility_aware_ensemble_inverse_accuracy,154524.33,9
dataco_low,0.318,execution_penalty,Smoothed Alpha 0.75,FeasibilityAwareSmoothed,feasibility_aware_smoothed_alpha_0_75,163019.775,10
dataco_low,0.318,execution_penalty,Feasibility-Aware,Baseline,feasibility_aware_selector,365116.914,11
dataco_low,0.318,execution_penalty,Stability-Aware,Baseline,stability_aware_selector,402775.817,12
dataco_low,0.318,execution_penalty,Family Best,Baseline,family_best_model,537406.724,13
dataco_low,0.318,execution_penalty,Best Inventory,Baseline,best_inventory_cost_model,546133.345,14
dataco_low,0.318,execution_penalty,Global Best,Baseline,global_best_model,546133.345,14
dataco_low,0.318,execution_penalty,Oracle,Oracle,oracle_realized_demand,680523.022,16
dataco_low,0.318,execution_violation_rate,Best Stability,Baseline,best_stability_model,0.0,1
dataco_low,0.318,execution_violation_rate,Utility Alpha,FeasibilityAwareSmoothed,feasibility_aware_smoothed_utility_alpha,0.0,1
dataco_low,0.318,execution_violation_rate,Smoothed Alpha 0.25,FeasibilityAwareSmoothed,feasibility_aware_smoothed_alpha_0_25,0.001,3
dataco_low,0.318,execution_violation_rate,Scenario Alpha,FeasibilityAwareSmoothed,feasibility_aware_smoothed_scenario_alpha,0.042,4
dataco_low,0.318,execution_violation_rate,Smoothed Alpha 0.50,FeasibilityAwareSmoothed,feasibility_aware_smoothed_alpha_0_50,0.042,4
dataco_low,0.318,execution_violation_rate,Simple Ensemble,ReferenceEnsemble,simple_ensemble,0.066,6
dataco_low,0.318,execution_violation_rate,Operational Ensemble,FeasibilityAwareEnsemble,feasibility_aware_ensemble_inverse_operational_loss,0.122,7
dataco_low,0.318,execution_violation_rate,Constrained Ensemble,FeasibilityAwareEnsemble,feasibility_aware_ensemble_constrained,0.139,8
dataco_low,0.318,execution_violation_rate,Accuracy Ensemble,FeasibilityAwareEnsemble,feasibility_aware_ensemble_inverse_accuracy,0.16,9
dataco_low,0.318,execution_violation_rate,Smoothed Alpha 0.75,FeasibilityAwareSmoothed,feasibility_aware_smoothed_alpha_0_75,0.16,10
dataco_low,0.318,execution_violation_rate,Feasibility-Aware,Baseline,feasibility_aware_selector,0.232,11
dataco_low,0.318,execution_violation_rate,Stability-Aware,Baseline,stability_aware_selector,0.258,12
dataco_low,0.318,execution_violation_rate,Family Best,Baseline,family_best_model,0.279,13
dataco_low,0.318,execution_violation_rate,Best Inventory,Baseline,best_inventory_cost_model,0.284,14
dataco_low,0.318,execution_violation_rate,Global Best,Baseline,global_best_model,0.284,14
dataco_low,0.318,execution_violation_rate,Oracle,Oracle,oracle_realized_demand,0.345,16
dataco_low,0.318,gap_to_oracle,Simple Ensemble,ReferenceEnsemble,simple_ensemble,-0.069,1
dataco_low,0.318,gap_to_oracle,Operational Ensemble,FeasibilityAwareEnsemble,feasibility_aware_ensemble_inverse_operational_loss,-0.056,2
dataco_low,0.318,gap_to_oracle,Constrained Ensemble,FeasibilityAwareEnsemble,feasibility_aware_ensemble_constrained,-0.04,3
dataco_low,0.318,gap_to_oracle,Accuracy Ensemble,FeasibilityAwareEnsemble,feasibility_aware_ensemble_inverse_accuracy,-0.022,4
dataco_low,0.318,gap_to_oracle,Oracle,Oracle,oracle_realized_demand,0.0,5
dataco_low,0.318,gap_to_oracle,Smoothed Alpha 0.25,FeasibilityAwareSmoothed,feasibility_aware_smoothed_alpha_0_25,0.129,6
dataco_low,0.318,gap_to_oracle,Best Stability,Baseline,best_stability_model,0.24,7
dataco_low,0.318,gap_to_oracle,Best Inventory,Baseline,best_inventory_cost_model,0.292,8
dataco_low,0.318,gap_to_oracle,Global Best,Baseline,global_best_model,0.292,8
dataco_low,0.318,gap_to_oracle,Family Best,Baseline,family_best_model,0.3,10
dataco_low,0.318,gap_to_oracle,Utility Alpha,FeasibilityAwareSmoothed,feasibility_aware_smoothed_utility_alpha,0.31,11
dataco_low,0.318,gap_to_oracle,Scenario Alpha,FeasibilityAwareSmoothed,feasibility_aware_smoothed_scenario_alpha,0.382,12
dataco_low,0.318,gap_to_oracle,Smoothed Alpha 0.50,FeasibilityAwareSmoothed,feasibility_aware_smoothed_alpha_0_50,0.382,12
dataco_low,0.318,gap_to_oracle,Stability-Aware,Baseline,stability_aware_selector,0.821,14
dataco_low,0.318,gap_to_oracle,Smoothed Alpha 0.75,FeasibilityAwareSmoothed,feasibility_aware_smoothed_alpha_0_75,1.176,15
dataco_low,0.318,gap_to_oracle,Feasibility-Aware,Baseline,feasibility_aware_selector,2.335,16
dataco_low,0.318,inventory_cost,Oracle,Oracle,oracle_realized_demand,1633182.571,1
dataco_low,0.318,inventory_cost,Best Inventory,Baseline,best_inventory_cost_model,3010924.926,2
dataco_low,0.318,inventory_cost,Global Best,Baseline,global_best_model,3010924.926,2
dataco_low,0.318,inventory_cost,Family Best,Baseline,family_best_model,3064462.341,4
dataco_low,0.318,inventory_cost,Accuracy Ensemble,FeasibilityAwareEnsemble,feasibility_aware_ensemble_inverse_accuracy,3157861.074,5
dataco_low,0.318,inventory_cost,Smoothed Alpha 0.75,FeasibilityAwareSmoothed,feasibility_aware_smoothed_alpha_0_75,3170260.445,6
dataco_low,0.318,inventory_cost,Constrained Ensemble,FeasibilityAwareEnsemble,feasibility_aware_ensemble_constrained,3187000.519,7
dataco_low,0.318,inventory_cost,Operational Ensemble,FeasibilityAwareEnsemble,feasibility_aware_ensemble_inverse_operational_loss,3220973.729,8
dataco_low,0.318,inventory_cost,Stability-Aware,Baseline,stability_aware_selector,3251369.903,9
dataco_low,0.318,inventory_cost,Feasibility-Aware,Baseline,feasibility_aware_selector,3375551.068,10
dataco_low,0.318,inventory_cost,Simple Ensemble,ReferenceEnsemble,simple_ensemble,3412038.615,11
dataco_low,0.318,inventory_cost,Scenario Alpha,FeasibilityAwareSmoothed,feasibility_aware_smoothed_scenario_alpha,3603649.042,12
dataco_low,0.318,inventory_cost,Smoothed Alpha 0.50,FeasibilityAwareSmoothed,feasibility_aware_smoothed_alpha_0_50,3603649.042,12
dataco_low,0.318,inventory_cost,Smoothed Alpha 0.25,FeasibilityAwareSmoothed,feasibility_aware_smoothed_alpha_0_25,4515961.102,14
dataco_low,0.318,inventory_cost,Best Stability,Baseline,best_stability_model,5263648.54,15
dataco_low,0.318,inventory_cost,Utility Alpha,FeasibilityAwareSmoothed,feasibility_aware_smoothed_utility_alpha,5373682.296,16
dataco_low,0.318,max_period_plan_change_pct,Utility Alpha,FeasibilityAwareSmoothed,feasibility_aware_smoothed_utility_alpha,0.095,1
dataco_low,0.318,max_period_plan_change_pct,Best Stability,Baseline,best_stability_model,0.184,2
dataco_low,0.318,max_period_plan_change_pct,Smoothed Alpha 0.25,FeasibilityAwareSmoothed,feasibility_aware_smoothed_alpha_0_25,0.226,3
dataco_low,0.318,max_period_plan_change_pct,Scenario Alpha,FeasibilityAwareSmoothed,feasibility_aware_smoothed_scenario_alpha,0.383,4
dataco_low,0.318,max_period_plan_change_pct,Smoothed Alpha 0.50,FeasibilityAwareSmoothed,feasibility_aware_smoothed_alpha_0_50,0.383,4
dataco_low,0.318,max_period_plan_change_pct,Smoothed Alpha 0.75,FeasibilityAwareSmoothed,feasibility_aware_smoothed_alpha_0_75,0.526,6
dataco_low,0.318,max_period_plan_change_pct,Stability-Aware,Baseline,stability_aware_selector,0.531,7
dataco_low,0.318,max_period_plan_change_pct,Simple Ensemble,ReferenceEnsemble,simple_ensemble,0.578,8
dataco_low,0.318,max_period_plan_change_pct,Feasibility-Aware,Baseline,feasibility_aware_selector,0.581,9
dataco_low,0.318,max_period_plan_change_pct,Operational Ensemble,FeasibilityAwareEnsemble,feasibility_aware_ensemble_inverse_operational_loss,0.599,10
dataco_low,0.318,max_period_plan_change_pct,Constrained Ensemble,FeasibilityAwareEnsemble,feasibility_aware_ensemble_constrained,0.616,11
dataco_low,0.318,max_period_plan_change_pct,Accuracy Ensemble,FeasibilityAwareEnsemble,feasibility_aware_ensemble_inverse_accuracy,0.632,12
dataco_low,0.318,max_period_plan_change_pct,Best Inventory,Baseline,best_inventory_cost_model,0.764,13
dataco_low,0.318,max_period_plan_change_pct,Family Best,Baseline,family_best_model,0.764,13
dataco_low,0.318,max_period_plan_change_pct,Global Best,Baseline,global_best_model,0.764,13
dataco_low,0.318,max_period_plan_change_pct,Oracle,Oracle,oracle_realized_demand,1.351,16
dataco_low,0.318,model_switch_count,Accuracy Ensemble,FeasibilityAwareEnsemble,feasibility_aware_ensemble_inverse_accuracy,0.0,1
dataco_low,0.318,model_switch_count,Best Inventory,Baseline,best_inventory_cost_model,0.0,1
dataco_low,0.318,model_switch_count,Best Stability,Baseline,best_stability_model,0.0,1
dataco_low,0.318,model_switch_count,Constrained Ensemble,FeasibilityAwareEnsemble,feasibility_aware_ensemble_constrained,0.0,1
dataco_low,0.318,model_switch_count,Family Best,Baseline,family_best_model,0.0,1
dataco_low,0.318,model_switch_count,Global Best,Baseline,global_best_model,0.0,1
dataco_low,0.318,model_switch_count,Operational Ensemble,FeasibilityAwareEnsemble,feasibility_aware_ensemble_inverse_operational_loss,0.0,1
dataco_low,0.318,model_switch_count,Oracle,Oracle,oracle_realized_demand,0.0,1
dataco_low,0.318,model_switch_count,Simple Ensemble,ReferenceEnsemble,simple_ensemble,0.0,1
dataco_low,0.318,model_switch_count,Utility Alpha,FeasibilityAwareSmoothed,feasibility_aware_smoothed_utility_alpha,0.0,1
dataco_low,0.318,model_switch_count,Smoothed Alpha 0.25,FeasibilityAwareSmoothed,feasibility_aware_smoothed_alpha_0_25,9.0,11
dataco_low,0.318,model_switch_count,Scenario Alpha,FeasibilityAwareSmoothed,feasibility_aware_smoothed_scenario_alpha,161.0,12
dataco_low,0.318,model_switch_count,Smoothed Alpha 0.50,FeasibilityAwareSmoothed,feasibility_aware_smoothed_alpha_0_50,161.0,12
dataco_low,0.318,model_switch_count,Stability-Aware,Baseline,stability_aware_selector,213.0,14
dataco_low,0.318,model_switch_count,Smoothed Alpha 0.75,FeasibilityAwareSmoothed,feasibility_aware_smoothed_alpha_0_75,440.0,15
dataco_low,0.318,model_switch_count,Feasibility-Aware,Baseline,feasibility_aware_selector,781.0,16
dataco_low,0.318,normalized_total_loss,Simple Ensemble,ReferenceEnsemble,simple_ensemble,1.457,1
dataco_low,0.318,normalized_total_loss,Operational Ensemble,FeasibilityAwareEnsemble,feasibility_aware_ensemble_inverse_operational_loss,1.47,2
dataco_low,0.318,normalized_total_loss,Constrained Ensemble,FeasibilityAwareEnsemble,feasibility_aware_ensemble_constrained,1.486,3
dataco_low,0.318,normalized_total_loss,Accuracy Ensemble,FeasibilityAwareEnsemble,feasibility_aware_ensemble_inverse_accuracy,1.504,4
dataco_low,0.318,normalized_total_loss,Oracle,Oracle,oracle_realized_demand,1.526,5
dataco_low,0.318,normalized_total_loss,Smoothed Alpha 0.25,FeasibilityAwareSmoothed,feasibility_aware_smoothed_alpha_0_25,1.655,6
dataco_low,0.318,normalized_total_loss,Best Stability,Baseline,best_stability_model,1.766,7
dataco_low,0.318,normalized_total_loss,Best Inventory,Baseline,best_inventory_cost_model,1.818,8
dataco_low,0.318,normalized_total_loss,Global Best,Baseline,global_best_model,1.818,8
dataco_low,0.318,normalized_total_loss,Family Best,Baseline,family_best_model,1.826,10
dataco_low,0.318,normalized_total_loss,Utility Alpha,FeasibilityAwareSmoothed,feasibility_aware_smoothed_utility_alpha,1.836,11
dataco_low,0.318,normalized_total_loss,Scenario Alpha,FeasibilityAwareSmoothed,feasibility_aware_smoothed_scenario_alpha,1.908,12
dataco_low,0.318,normalized_total_loss,Smoothed Alpha 0.50,FeasibilityAwareSmoothed,feasibility_aware_smoothed_alpha_0_50,1.908,12
dataco_low,0.318,normalized_total_loss,Stability-Aware,Baseline,stability_aware_selector,2.347,14
dataco_low,0.318,normalized_total_loss,Smoothed Alpha 0.75,FeasibilityAwareSmoothed,feasibility_aware_smoothed_alpha_0_75,2.702,15
dataco_low,0.318,normalized_total_loss,Feasibility-Aware,Baseline,feasibility_aware_selector,3.861,16
dataco_low,0.318,planning_volatility,Best Stability,Baseline,best_stability_model,14.814,1
dataco_low,0.318,planning_volatility,Utility Alpha,FeasibilityAwareSmoothed,feasibility_aware_smoothed_utility_alpha,42.201,2
dataco_low,0.318,planning_volatility,Smoothed Alpha 0.25,FeasibilityAwareSmoothed,feasibility_aware_smoothed_alpha_0_25,109.008,3
dataco_low,0.318,planning_volatility,Scenario Alpha,FeasibilityAwareSmoothed,feasibility_aware_smoothed_scenario_alpha,222.306,4
dataco_low,0.318,planning_volatility,Smoothed Alpha 0.50,FeasibilityAwareSmoothed,feasibility_aware_smoothed_alpha_0_50,222.306,4
dataco_low,0.318,planning_volatility,Simple Ensemble,ReferenceEnsemble,simple_ensemble,246.143,6
dataco_low,0.318,planning_volatility,Operational Ensemble,FeasibilityAwareEnsemble,feasibility_aware_ensemble_inverse_operational_loss,281.708,7
dataco_low,0.318,planning_volatility,Constrained Ensemble,FeasibilityAwareEnsemble,feasibility_aware_ensemble_constrained,292.61,8
dataco_low,0.318,planning_volatility,Accuracy Ensemble,FeasibilityAwareEnsemble,feasibility_aware_ensemble_inverse_accuracy,303.581,9
dataco_low,0.318,planning_volatility,Smoothed Alpha 0.75,FeasibilityAwareSmoothed,feasibility_aware_smoothed_alpha_0_75,313.93,10
dataco_low,0.318,planning_volatility,Feasibility-Aware,Baseline,feasibility_aware_selector,364.328,11
dataco_low,0.318,planning_volatility,Stability-Aware,Baseline,stability_aware_selector,384.274,12
dataco_low,0.318,planning_volatility,Family Best,Baseline,family_best_model,411.535,13
dataco_low,0.318,planning_volatility,Best Inventory,Baseline,best_inventory_cost_model,414.964,14
dataco_low,0.318,planning_volatility,Global Best,Baseline,global_best_model,414.964,14
dataco_low,0.318,planning_volatility,Oracle,Oracle,oracle_realized_demand,487.867,16
dataco_median,0.326,WAPE,Oracle,Oracle,oracle_realized_demand,0.0,1
dataco_median,0.326,WAPE,Scenario Alpha,FeasibilityAwareSmoothed,feasibility_aware_smoothed_scenario_alpha,0.108,2
dataco_median,0.326,WAPE,Smoothed Alpha 0.50,FeasibilityAwareSmoothed,feasibility_aware_smoothed_alpha_0_50,0.108,2
dataco_median,0.326,WAPE,Utility Alpha,FeasibilityAwareSmoothed,feasibility_aware_smoothed_utility_alpha,0.109,4
dataco_median,0.326,WAPE,Smoothed Alpha 0.75,FeasibilityAwareSmoothed,feasibility_aware_smoothed_alpha_0_75,0.109,5
dataco_median,0.326,WAPE,Best Inventory,Baseline,best_inventory_cost_model,0.109,6
dataco_median,0.326,WAPE,Global Best,Baseline,global_best_model,0.109,6
dataco_median,0.326,WAPE,Smoothed Alpha 0.25,FeasibilityAwareSmoothed,feasibility_aware_smoothed_alpha_0_25,0.109,8
dataco_median,0.326,WAPE,Family Best,Baseline,family_best_model,0.11,9
dataco_median,0.326,WAPE,Stability-Aware,Baseline,stability_aware_selector,0.113,10
dataco_median,0.326,WAPE,Feasibility-Aware,Baseline,feasibility_aware_selector,0.116,11
dataco_median,0.326,WAPE,Accuracy Ensemble,FeasibilityAwareEnsemble,feasibility_aware_ensemble_inverse_accuracy,0.117,12
dataco_median,0.326,WAPE,Constrained Ensemble,FeasibilityAwareEnsemble,feasibility_aware_ensemble_constrained,0.119,13
dataco_median,0.326,WAPE,Operational Ensemble,FeasibilityAwareEnsemble,feasibility_aware_ensemble_inverse_operational_loss,0.12,14
dataco_median,0.326,WAPE,Simple Ensemble,ReferenceEnsemble,simple_ensemble,0.129,15
dataco_median,0.326,WAPE,Best Stability,Baseline,best_stability_model,0.188,16
dataco_median,0.326,execution_penalty,Best Stability,Baseline,best_stability_model,0.0,1
dataco_median,0.326,execution_penalty,Utility Alpha,FeasibilityAwareSmoothed,feasibility_aware_smoothed_utility_alpha,0.0,1
dataco_median,0.326,execution_penalty,Smoothed Alpha 0.25,FeasibilityAwareSmoothed,feasibility_aware_smoothed_alpha_0_25,102.215,3
dataco_median,0.326,execution_penalty,Scenario Alpha,FeasibilityAwareSmoothed,feasibility_aware_smoothed_scenario_alpha,22325.997,4
dataco_median,0.326,execution_penalty,Smoothed Alpha 0.50,FeasibilityAwareSmoothed,feasibility_aware_smoothed_alpha_0_50,22325.997,4
dataco_median,0.326,execution_penalty,Simple Ensemble,ReferenceEnsemble,simple_ensemble,47421.135,6
dataco_median,0.326,execution_penalty,Operational Ensemble,FeasibilityAwareEnsemble,feasibility_aware_ensemble_inverse_operational_loss,103964.356,7
dataco_median,0.326,execution_penalty,Constrained Ensemble,FeasibilityAwareEnsemble,feasibility_aware_ensemble_constrained,115477.821,8
dataco_median,0.326,execution_penalty,Accuracy Ensemble,FeasibilityAwareEnsemble,feasibility_aware_ensemble_inverse_accuracy,154524.33,9
dataco_median,0.326,execution_penalty,Smoothed Alpha 0.75,FeasibilityAwareSmoothed,feasibility_aware_smoothed_alpha_0_75,163019.775,10
dataco_median,0.326,execution_penalty,Feasibility-Aware,Baseline,feasibility_aware_selector,365116.914,11
dataco_median,0.326,execution_penalty,Stability-Aware,Baseline,stability_aware_selector,402775.817,12
dataco_median,0.326,execution_penalty,Family Best,Baseline,family_best_model,537406.724,13
dataco_median,0.326,execution_penalty,Best Inventory,Baseline,best_inventory_cost_model,546133.345,14
dataco_median,0.326,execution_penalty,Global Best,Baseline,global_best_model,546133.345,14
dataco_median,0.326,execution_penalty,Oracle,Oracle,oracle_realized_demand,680523.022,16
dataco_median,0.326,execution_violation_rate,Best Stability,Baseline,best_stability_model,0.0,1
dataco_median,0.326,execution_violation_rate,Utility Alpha,FeasibilityAwareSmoothed,feasibility_aware_smoothed_utility_alpha,0.0,1
dataco_median,0.326,execution_violation_rate,Smoothed Alpha 0.25,FeasibilityAwareSmoothed,feasibility_aware_smoothed_alpha_0_25,0.001,3
dataco_median,0.326,execution_violation_rate,Scenario Alpha,FeasibilityAwareSmoothed,feasibility_aware_smoothed_scenario_alpha,0.042,4
dataco_median,0.326,execution_violation_rate,Smoothed Alpha 0.50,FeasibilityAwareSmoothed,feasibility_aware_smoothed_alpha_0_50,0.042,4
dataco_median,0.326,execution_violation_rate,Simple Ensemble,ReferenceEnsemble,simple_ensemble,0.066,6
dataco_median,0.326,execution_violation_rate,Operational Ensemble,FeasibilityAwareEnsemble,feasibility_aware_ensemble_inverse_operational_loss,0.122,7
dataco_median,0.326,execution_violation_rate,Constrained Ensemble,FeasibilityAwareEnsemble,feasibility_aware_ensemble_constrained,0.131,8
dataco_median,0.326,execution_violation_rate,Accuracy Ensemble,FeasibilityAwareEnsemble,feasibility_aware_ensemble_inverse_accuracy,0.16,9
dataco_median,0.326,execution_violation_rate,Smoothed Alpha 0.75,FeasibilityAwareSmoothed,feasibility_aware_smoothed_alpha_0_75,0.16,10
dataco_median,0.326,execution_violation_rate,Feasibility-Aware,Baseline,feasibility_aware_selector,0.232,11
dataco_median,0.326,execution_violation_rate,Stability-Aware,Baseline,stability_aware_selector,0.258,12
dataco_median,0.326,execution_violation_rate,Family Best,Baseline,family_best_model,0.279,13
dataco_median,0.326,execution_violation_rate,Best Inventory,Baseline,best_inventory_cost_model,0.284,14
dataco_median,0.326,execution_violation_rate,Global Best,Baseline,global_best_model,0.284,14
dataco_median,0.326,execution_violation_rate,Oracle,Oracle,oracle_realized_demand,0.345,16
dataco_median,0.326,gap_to_oracle,Simple Ensemble,ReferenceEnsemble,simple_ensemble,-0.078,1
dataco_median,0.326,gap_to_oracle,Operational Ensemble,FeasibilityAwareEnsemble,feasibility_aware_ensemble_inverse_operational_loss,-0.065,2
dataco_median,0.326,gap_to_oracle,Constrained Ensemble,FeasibilityAwareEnsemble,feasibility_aware_ensemble_constrained,-0.058,3
dataco_median,0.326,gap_to_oracle,Accuracy Ensemble,FeasibilityAwareEnsemble,feasibility_aware_ensemble_inverse_accuracy,-0.03,4
dataco_median,0.326,gap_to_oracle,Oracle,Oracle,oracle_realized_demand,0.0,5
dataco_median,0.326,gap_to_oracle,Smoothed Alpha 0.25,FeasibilityAwareSmoothed,feasibility_aware_smoothed_alpha_0_25,0.119,6
dataco_median,0.326,gap_to_oracle,Best Stability,Baseline,best_stability_model,0.229,7
dataco_median,0.326,gap_to_oracle,Best Inventory,Baseline,best_inventory_cost_model,0.289,8
dataco_median,0.326,gap_to_oracle,Global Best,Baseline,global_best_model,0.289,8
dataco_median,0.326,gap_to_oracle,Family Best,Baseline,family_best_model,0.298,10
dataco_median,0.326,gap_to_oracle,Utility Alpha,FeasibilityAwareSmoothed,feasibility_aware_smoothed_utility_alpha,0.299,11
dataco_median,0.326,gap_to_oracle,Scenario Alpha,FeasibilityAwareSmoothed,feasibility_aware_smoothed_scenario_alpha,0.372,12
dataco_median,0.326,gap_to_oracle,Smoothed Alpha 0.50,FeasibilityAwareSmoothed,feasibility_aware_smoothed_alpha_0_50,0.372,12
dataco_median,0.326,gap_to_oracle,Stability-Aware,Baseline,stability_aware_selector,0.816,14
dataco_median,0.326,gap_to_oracle,Smoothed Alpha 0.75,FeasibilityAwareSmoothed,feasibility_aware_smoothed_alpha_0_75,1.168,15
dataco_median,0.326,gap_to_oracle,Feasibility-Aware,Baseline,feasibility_aware_selector,2.33,16
dataco_median,0.326,inventory_cost,Oracle,Oracle,oracle_realized_demand,1633182.571,1
dataco_median,0.326,inventory_cost,Best Inventory,Baseline,best_inventory_cost_model,3010924.926,2
dataco_median,0.326,inventory_cost,Global Best,Baseline,global_best_model,3010924.926,2
dataco_median,0.326,inventory_cost,Family Best,Baseline,family_best_model,3064462.341,4
dataco_median,0.326,inventory_cost,Accuracy Ensemble,FeasibilityAwareEnsemble,feasibility_aware_ensemble_inverse_accuracy,3157861.074,5
dataco_median,0.326,inventory_cost,Smoothed Alpha 0.75,FeasibilityAwareSmoothed,feasibility_aware_smoothed_alpha_0_75,3170260.445,6
dataco_median,0.326,inventory_cost,Constrained Ensemble,FeasibilityAwareEnsemble,feasibility_aware_ensemble_constrained,3203938.857,7
dataco_median,0.326,inventory_cost,Operational Ensemble,FeasibilityAwareEnsemble,feasibility_aware_ensemble_inverse_operational_loss,3221611.944,8
dataco_median,0.326,inventory_cost,Stability-Aware,Baseline,stability_aware_selector,3251369.903,9
dataco_median,0.326,inventory_cost,Feasibility-Aware,Baseline,feasibility_aware_selector,3375551.068,10
dataco_median,0.326,inventory_cost,Simple Ensemble,ReferenceEnsemble,simple_ensemble,3412038.615,11
dataco_median,0.326,inventory_cost,Scenario Alpha,FeasibilityAwareSmoothed,feasibility_aware_smoothed_scenario_alpha,3603649.042,12
dataco_median,0.326,inventory_cost,Smoothed Alpha 0.50,FeasibilityAwareSmoothed,feasibility_aware_smoothed_alpha_0_50,3603649.042,12
dataco_median,0.326,inventory_cost,Smoothed Alpha 0.25,FeasibilityAwareSmoothed,feasibility_aware_smoothed_alpha_0_25,4515961.102,14
dataco_median,0.326,inventory_cost,Best Stability,Baseline,best_stability_model,5263648.54,15
dataco_median,0.326,inventory_cost,Utility Alpha,FeasibilityAwareSmoothed,feasibility_aware_smoothed_utility_alpha,5373682.296,16
dataco_median,0.326,max_period_plan_change_pct,Utility Alpha,FeasibilityAwareSmoothed,feasibility_aware_smoothed_utility_alpha,0.095,1
dataco_median,0.326,max_period_plan_change_pct,Best Stability,Baseline,best_stability_model,0.184,2
dataco_median,0.326,max_period_plan_change_pct,Smoothed Alpha 0.25,FeasibilityAwareSmoothed,feasibility_aware_smoothed_alpha_0_25,0.226,3
dataco_median,0.326,max_period_plan_change_pct,Scenario Alpha,FeasibilityAwareSmoothed,feasibility_aware_smoothed_scenario_alpha,0.383,4
dataco_median,0.326,max_period_plan_change_pct,Smoothed Alpha 0.50,FeasibilityAwareSmoothed,feasibility_aware_smoothed_alpha_0_50,0.383,4
dataco_median,0.326,max_period_plan_change_pct,Smoothed Alpha 0.75,FeasibilityAwareSmoothed,feasibility_aware_smoothed_alpha_0_75,0.526,6
dataco_median,0.326,max_period_plan_change_pct,Stability-Aware,Baseline,stability_aware_selector,0.531,7
dataco_median,0.326,max_period_plan_change_pct,Simple Ensemble,ReferenceEnsemble,simple_ensemble,0.578,8
dataco_median,0.326,max_period_plan_change_pct,Feasibility-Aware,Baseline,feasibility_aware_selector,0.581,9
dataco_median,0.326,max_period_plan_change_pct,Operational Ensemble,FeasibilityAwareEnsemble,feasibility_aware_ensemble_inverse_operational_loss,0.599,10
dataco_median,0.326,max_period_plan_change_pct,Constrained Ensemble,FeasibilityAwareEnsemble,feasibility_aware_ensemble_constrained,0.607,11
dataco_median,0.326,max_period_plan_change_pct,Accuracy Ensemble,FeasibilityAwareEnsemble,feasibility_aware_ensemble_inverse_accuracy,0.632,12
dataco_median,0.326,max_period_plan_change_pct,Best Inventory,Baseline,best_inventory_cost_model,0.764,13
dataco_median,0.326,max_period_plan_change_pct,Family Best,Baseline,family_best_model,0.764,13
dataco_median,0.326,max_period_plan_change_pct,Global Best,Baseline,global_best_model,0.764,13
dataco_median,0.326,max_period_plan_change_pct,Oracle,Oracle,oracle_realized_demand,1.351,16
dataco_median,0.326,model_switch_count,Accuracy Ensemble,FeasibilityAwareEnsemble,feasibility_aware_ensemble_inverse_accuracy,0.0,1
dataco_median,0.326,model_switch_count,Best Inventory,Baseline,best_inventory_cost_model,0.0,1
dataco_median,0.326,model_switch_count,Best Stability,Baseline,best_stability_model,0.0,1
dataco_median,0.326,model_switch_count,Constrained Ensemble,FeasibilityAwareEnsemble,feasibility_aware_ensemble_constrained,0.0,1
dataco_median,0.326,model_switch_count,Family Best,Baseline,family_best_model,0.0,1
dataco_median,0.326,model_switch_count,Global Best,Baseline,global_best_model,0.0,1
dataco_median,0.326,model_switch_count,Operational Ensemble,FeasibilityAwareEnsemble,feasibility_aware_ensemble_inverse_operational_loss,0.0,1
dataco_median,0.326,model_switch_count,Oracle,Oracle,oracle_realized_demand,0.0,1
dataco_median,0.326,model_switch_count,Simple Ensemble,ReferenceEnsemble,simple_ensemble,0.0,1
dataco_median,0.326,model_switch_count,Utility Alpha,FeasibilityAwareSmoothed,feasibility_aware_smoothed_utility_alpha,0.0,1
dataco_median,0.326,model_switch_count,Smoothed Alpha 0.25,FeasibilityAwareSmoothed,feasibility_aware_smoothed_alpha_0_25,9.0,11
dataco_median,0.326,model_switch_count,Scenario Alpha,FeasibilityAwareSmoothed,feasibility_aware_smoothed_scenario_alpha,161.0,12
dataco_median,0.326,model_switch_count,Smoothed Alpha 0.50,FeasibilityAwareSmoothed,feasibility_aware_smoothed_alpha_0_50,161.0,12
dataco_median,0.326,model_switch_count,Stability-Aware,Baseline,stability_aware_selector,213.0,14
dataco_median,0.326,model_switch_count,Smoothed Alpha 0.75,FeasibilityAwareSmoothed,feasibility_aware_smoothed_alpha_0_75,440.0,15
dataco_median,0.326,model_switch_count,Feasibility-Aware,Baseline,feasibility_aware_selector,781.0,16
dataco_median,0.326,normalized_total_loss,Simple Ensemble,ReferenceEnsemble,simple_ensemble,1.458,1
dataco_median,0.326,normalized_total_loss,Operational Ensemble,FeasibilityAwareEnsemble,feasibility_aware_ensemble_inverse_operational_loss,1.471,2
dataco_median,0.326,normalized_total_loss,Constrained Ensemble,FeasibilityAwareEnsemble,feasibility_aware_ensemble_constrained,1.479,3
dataco_median,0.326,normalized_total_loss,Accuracy Ensemble,FeasibilityAwareEnsemble,feasibility_aware_ensemble_inverse_accuracy,1.507,4
dataco_median,0.326,normalized_total_loss,Oracle,Oracle,oracle_realized_demand,1.537,5
dataco_median,0.326,normalized_total_loss,Smoothed Alpha 0.25,FeasibilityAwareSmoothed,feasibility_aware_smoothed_alpha_0_25,1.655,6
dataco_median,0.326,normalized_total_loss,Best Stability,Baseline,best_stability_model,1.766,7
dataco_median,0.326,normalized_total_loss,Best Inventory,Baseline,best_inventory_cost_model,1.826,8
dataco_median,0.326,normalized_total_loss,Global Best,Baseline,global_best_model,1.826,8
dataco_median,0.326,normalized_total_loss,Family Best,Baseline,family_best_model,1.835,10
dataco_median,0.326,normalized_total_loss,Utility Alpha,FeasibilityAwareSmoothed,feasibility_aware_smoothed_utility_alpha,1.836,11
dataco_median,0.326,normalized_total_loss,Scenario Alpha,FeasibilityAwareSmoothed,feasibility_aware_smoothed_scenario_alpha,1.909,12
dataco_median,0.326,normalized_total_loss,Smoothed Alpha 0.50,FeasibilityAwareSmoothed,feasibility_aware_smoothed_alpha_0_50,1.909,12
dataco_median,0.326,normalized_total_loss,Stability-Aware,Baseline,stability_aware_selector,2.353,14
dataco_median,0.326,normalized_total_loss,Smoothed Alpha 0.75,FeasibilityAwareSmoothed,feasibility_aware_smoothed_alpha_0_75,2.705,15
dataco_median,0.326,normalized_total_loss,Feasibility-Aware,Baseline,feasibility_aware_selector,3.866,16
dataco_median,0.326,planning_volatility,Best Stability,Baseline,best_stability_model,14.814,1
dataco_median,0.326,planning_volatility,Utility Alpha,FeasibilityAwareSmoothed,feasibility_aware_smoothed_utility_alpha,42.201,2
dataco_median,0.326,planning_volatility,Smoothed Alpha 0.25,FeasibilityAwareSmoothed,feasibility_aware_smoothed_alpha_0_25,109.008,3
dataco_median,0.326,planning_volatility,Scenario Alpha,FeasibilityAwareSmoothed,feasibility_aware_smoothed_scenario_alpha,222.306,4
dataco_median,0.326,planning_volatility,Smoothed Alpha 0.50,FeasibilityAwareSmoothed,feasibility_aware_smoothed_alpha_0_50,222.306,4
dataco_median,0.326,planning_volatility,Simple Ensemble,ReferenceEnsemble,simple_ensemble,246.143,6
dataco_median,0.326,planning_volatility,Operational Ensemble,FeasibilityAwareEnsemble,feasibility_aware_ensemble_inverse_operational_loss,281.493,7
dataco_median,0.326,planning_volatility,Constrained Ensemble,FeasibilityAwareEnsemble,feasibility_aware_ensemble_constrained,286.989,8
dataco_median,0.326,planning_volatility,Accuracy Ensemble,FeasibilityAwareEnsemble,feasibility_aware_ensemble_inverse_accuracy,303.581,9
dataco_median,0.326,planning_volatility,Smoothed Alpha 0.75,FeasibilityAwareSmoothed,feasibility_aware_smoothed_alpha_0_75,313.93,10
dataco_median,0.326,planning_volatility,Feasibility-Aware,Baseline,feasibility_aware_selector,364.328,11
dataco_median,0.326,planning_volatility,Stability-Aware,Baseline,stability_aware_selector,384.274,12
dataco_median,0.326,planning_volatility,Family Best,Baseline,family_best_model,411.535,13
dataco_median,0.326,planning_volatility,Best Inventory,Baseline,best_inventory_cost_model,414.964,14
dataco_median,0.326,planning_volatility,Global Best,Baseline,global_best_model,414.964,14
dataco_median,0.326,planning_volatility,Oracle,Oracle,oracle_realized_demand,487.867,16
dataco_severe,0.5,WAPE,Oracle,Oracle,oracle_realized_demand,0.0,1
dataco_severe,0.5,WAPE,Smoothed Alpha 0.50,FeasibilityAwareSmoothed,feasibility_aware_smoothed_alpha_0_50,0.108,2
dataco_severe,0.5,WAPE,Scenario Alpha,FeasibilityAwareSmoothed,feasibility_aware_smoothed_scenario_alpha,0.109,3
dataco_severe,0.5,WAPE,Utility Alpha,FeasibilityAwareSmoothed,feasibility_aware_smoothed_utility_alpha,0.109,3
dataco_severe,0.5,WAPE,Best Inventory,Baseline,best_inventory_cost_model,0.109,5
dataco_severe,0.5,WAPE,Global Best,Baseline,global_best_model,0.109,5
dataco_severe,0.5,WAPE,Smoothed Alpha 0.25,FeasibilityAwareSmoothed,feasibility_aware_smoothed_alpha_0_25,0.109,7
dataco_severe,0.5,WAPE,Smoothed Alpha 0.75,FeasibilityAwareSmoothed,feasibility_aware_smoothed_alpha_0_75,0.109,8
dataco_severe,0.5,WAPE,Family Best,Baseline,family_best_model,0.11,9
dataco_severe,0.5,WAPE,Stability-Aware,Baseline,stability_aware_selector,0.113,10
dataco_severe,0.5,WAPE,Feasibility-Aware,Baseline,feasibility_aware_selector,0.116,11
dataco_severe,0.5,WAPE,Accuracy Ensemble,FeasibilityAwareEnsemble,feasibility_aware_ensemble_inverse_accuracy,0.117,12
dataco_severe,0.5,WAPE,Constrained Ensemble,FeasibilityAwareEnsemble,feasibility_aware_ensemble_constrained,0.121,13
dataco_severe,0.5,WAPE,Operational Ensemble,FeasibilityAwareEnsemble,feasibility_aware_ensemble_inverse_operational_loss,0.121,13
dataco_severe,0.5,WAPE,Simple Ensemble,ReferenceEnsemble,simple_ensemble,0.129,15
dataco_severe,0.5,WAPE,Best Stability,Baseline,best_stability_model,0.188,16
dataco_severe,0.5,execution_penalty,Best Stability,Baseline,best_stability_model,0.0,1
dataco_severe,0.5,execution_penalty,Scenario Alpha,FeasibilityAwareSmoothed,feasibility_aware_smoothed_scenario_alpha,0.0,1
dataco_severe,0.5,execution_penalty,Utility Alpha,FeasibilityAwareSmoothed,feasibility_aware_smoothed_utility_alpha,0.0,1
dataco_severe,0.5,execution_penalty,Smoothed Alpha 0.25,FeasibilityAwareSmoothed,feasibility_aware_smoothed_alpha_0_25,64.922,4
dataco_severe,0.5,execution_penalty,Smoothed Alpha 0.50,FeasibilityAwareSmoothed,feasibility_aware_smoothed_alpha_0_50,22020.98,5
dataco_severe,0.5,execution_penalty,Simple Ensemble,ReferenceEnsemble,simple_ensemble,47421.135,6
dataco_severe,0.5,execution_penalty,Constrained Ensemble,FeasibilityAwareEnsemble,feasibility_aware_ensemble_constrained,95796.86,7
dataco_severe,0.5,execution_penalty,Operational Ensemble,FeasibilityAwareEnsemble,feasibility_aware_ensemble_inverse_operational_loss,95796.86,7
dataco_severe,0.5,execution_penalty,Accuracy Ensemble,FeasibilityAwareEnsemble,feasibility_aware_ensemble_inverse_accuracy,154524.33,9
dataco_severe,0.5,execution_penalty,Smoothed Alpha 0.75,FeasibilityAwareSmoothed,feasibility_aware_smoothed_alpha_0_75,157587.663,10
dataco_severe,0.5,execution_penalty,Feasibility-Aware,Baseline,feasibility_aware_selector,365116.914,11
dataco_severe,0.5,execution_penalty,Stability-Aware,Baseline,stability_aware_selector,402775.817,12
dataco_severe,0.5,execution_penalty,Family Best,Baseline,family_best_model,537406.724,13
dataco_severe,0.5,execution_penalty,Best Inventory,Baseline,best_inventory_cost_model,546133.345,14
dataco_severe,0.5,execution_penalty,Global Best,Baseline,global_best_model,546133.345,14
dataco_severe,0.5,execution_penalty,Oracle,Oracle,oracle_realized_demand,680523.022,16
dataco_severe,0.5,execution_violation_rate,Best Stability,Baseline,best_stability_model,0.0,1
dataco_severe,0.5,execution_violation_rate,Scenario Alpha,FeasibilityAwareSmoothed,feasibility_aware_smoothed_scenario_alpha,0.0,1
dataco_severe,0.5,execution_violation_rate,Utility Alpha,FeasibilityAwareSmoothed,feasibility_aware_smoothed_utility_alpha,0.0,1
dataco_severe,0.5,execution_violation_rate,Smoothed Alpha 0.25,FeasibilityAwareSmoothed,feasibility_aware_smoothed_alpha_0_25,0.001,4
dataco_severe,0.5,execution_violation_rate,Smoothed Alpha 0.50,FeasibilityAwareSmoothed,feasibility_aware_smoothed_alpha_0_50,0.041,5
dataco_severe,0.5,execution_violation_rate,Simple Ensemble,ReferenceEnsemble,simple_ensemble,0.066,6
dataco_severe,0.5,execution_violation_rate,Constrained Ensemble,FeasibilityAwareEnsemble,feasibility_aware_ensemble_constrained,0.116,7
dataco_severe,0.5,execution_violation_rate,Operational Ensemble,FeasibilityAwareEnsemble,feasibility_aware_ensemble_inverse_operational_loss,0.116,7
dataco_severe,0.5,execution_violation_rate,Smoothed Alpha 0.75,FeasibilityAwareSmoothed,feasibility_aware_smoothed_alpha_0_75,0.159,9
dataco_severe,0.5,execution_violation_rate,Accuracy Ensemble,FeasibilityAwareEnsemble,feasibility_aware_ensemble_inverse_accuracy,0.16,10
dataco_severe,0.5,execution_violation_rate,Feasibility-Aware,Baseline,feasibility_aware_selector,0.232,11
dataco_severe,0.5,execution_violation_rate,Stability-Aware,Baseline,stability_aware_selector,0.258,12
dataco_severe,0.5,execution_violation_rate,Family Best,Baseline,family_best_model,0.279,13
dataco_severe,0.5,execution_violation_rate,Best Inventory,Baseline,best_inventory_cost_model,0.284,14
dataco_severe,0.5,execution_violation_rate,Global Best,Baseline,global_best_model,0.284,14
dataco_severe,0.5,execution_violation_rate,Oracle,Oracle,oracle_realized_demand,0.345,16
dataco_severe,0.5,gap_to_oracle,Simple Ensemble,ReferenceEnsemble,simple_ensemble,-0.28,1
dataco_severe,0.5,gap_to_oracle,Constrained Ensemble,FeasibilityAwareEnsemble,feasibility_aware_ensemble_constrained,-0.258,2
dataco_severe,0.5,gap_to_oracle,Operational Ensemble,FeasibilityAwareEnsemble,feasibility_aware_ensemble_inverse_operational_loss,-0.258,2
dataco_severe,0.5,gap_to_oracle,Accuracy Ensemble,FeasibilityAwareEnsemble,feasibility_aware_ensemble_inverse_accuracy,-0.198,4
dataco_severe,0.5,gap_to_oracle,Smoothed Alpha 0.25,FeasibilityAwareSmoothed,feasibility_aware_smoothed_alpha_0_25,-0.099,5
dataco_severe,0.5,gap_to_oracle,Oracle,Oracle,oracle_realized_demand,0.0,6
dataco_severe,0.5,gap_to_oracle,Best Stability,Baseline,best_stability_model,0.012,7
dataco_severe,0.5,gap_to_oracle,Scenario Alpha,FeasibilityAwareSmoothed,feasibility_aware_smoothed_scenario_alpha,0.082,8
dataco_severe,0.5,gap_to_oracle,Utility Alpha,FeasibilityAwareSmoothed,feasibility_aware_smoothed_utility_alpha,0.082,8
dataco_severe,0.5,gap_to_oracle,Smoothed Alpha 0.50,FeasibilityAwareSmoothed,feasibility_aware_smoothed_alpha_0_50,0.136,10
dataco_severe,0.5,gap_to_oracle,Best Inventory,Baseline,best_inventory_cost_model,0.247,11
dataco_severe,0.5,gap_to_oracle,Global Best,Baseline,global_best_model,0.247,11
dataco_severe,0.5,gap_to_oracle,Family Best,Baseline,family_best_model,0.252,13
dataco_severe,0.5,gap_to_oracle,Stability-Aware,Baseline,stability_aware_selector,0.658,14
dataco_severe,0.5,gap_to_oracle,Smoothed Alpha 0.75,FeasibilityAwareSmoothed,feasibility_aware_smoothed_alpha_0_75,0.961,15
dataco_severe,0.5,gap_to_oracle,Feasibility-Aware,Baseline,feasibility_aware_selector,1.974,16
dataco_severe,0.5,inventory_cost,Oracle,Oracle,oracle_realized_demand,1633182.571,1
dataco_severe,0.5,inventory_cost,Best Inventory,Baseline,best_inventory_cost_model,3010924.926,2
dataco_severe,0.5,inventory_cost,Global Best,Baseline,global_best_model,3010924.926,2
dataco_severe,0.5,inventory_cost,Family Best,Baseline,family_best_model,3064462.341,4
dataco_severe,0.5,inventory_cost,Accuracy Ensemble,FeasibilityAwareEnsemble,feasibility_aware_ensemble_inverse_accuracy,3157861.074,5
dataco_severe,0.5,inventory_cost,Smoothed Alpha 0.75,FeasibilityAwareSmoothed,feasibility_aware_smoothed_alpha_0_75,3198150.792,6
dataco_severe,0.5,inventory_cost,Constrained Ensemble,FeasibilityAwareEnsemble,feasibility_aware_ensemble_constrained,3234958.609,7
dataco_severe,0.5,inventory_cost,Operational Ensemble,FeasibilityAwareEnsemble,feasibility_aware_ensemble_inverse_operational_loss,3234958.609,7
dataco_severe,0.5,inventory_cost,Stability-Aware,Baseline,stability_aware_selector,3251369.903,9
dataco_severe,0.5,inventory_cost,Feasibility-Aware,Baseline,feasibility_aware_selector,3375551.068,10
dataco_severe,0.5,inventory_cost,Simple Ensemble,ReferenceEnsemble,simple_ensemble,3412038.615,11
dataco_severe,0.5,inventory_cost,Smoothed Alpha 0.50,FeasibilityAwareSmoothed,feasibility_aware_smoothed_alpha_0_50,3606976.56,12
dataco_severe,0.5,inventory_cost,Smoothed Alpha 0.25,FeasibilityAwareSmoothed,feasibility_aware_smoothed_alpha_0_25,4516026.042,13
dataco_severe,0.5,inventory_cost,Best Stability,Baseline,best_stability_model,5263648.54,14
dataco_severe,0.5,inventory_cost,Scenario Alpha,FeasibilityAwareSmoothed,feasibility_aware_smoothed_scenario_alpha,5373682.296,15
dataco_severe,0.5,inventory_cost,Utility Alpha,FeasibilityAwareSmoothed,feasibility_aware_smoothed_utility_alpha,5373682.296,15
dataco_severe,0.5,max_period_plan_change_pct,Scenario Alpha,FeasibilityAwareSmoothed,feasibility_aware_smoothed_scenario_alpha,0.095,1
dataco_severe,0.5,max_period_plan_change_pct,Utility Alpha,FeasibilityAwareSmoothed,feasibility_aware_smoothed_utility_alpha,0.095,1
dataco_severe,0.5,max_period_plan_change_pct,Best Stability,Baseline,best_stability_model,0.184,3
dataco_severe,0.5,max_period_plan_change_pct,Smoothed Alpha 0.25,FeasibilityAwareSmoothed,feasibility_aware_smoothed_alpha_0_25,0.21,4
dataco_severe,0.5,max_period_plan_change_pct,Smoothed Alpha 0.50,FeasibilityAwareSmoothed,feasibility_aware_smoothed_alpha_0_50,0.383,5
dataco_severe,0.5,max_period_plan_change_pct,Smoothed Alpha 0.75,FeasibilityAwareSmoothed,feasibility_aware_smoothed_alpha_0_75,0.526,6
dataco_severe,0.5,max_period_plan_change_pct,Stability-Aware,Baseline,stability_aware_selector,0.531,7
dataco_severe,0.5,max_period_plan_change_pct,Simple Ensemble,ReferenceEnsemble,simple_ensemble,0.578,8
dataco_severe,0.5,max_period_plan_change_pct,Feasibility-Aware,Baseline,feasibility_aware_selector,0.581,9
dataco_severe,0.5,max_period_plan_change_pct,Constrained Ensemble,FeasibilityAwareEnsemble,feasibility_aware_ensemble_constrained,0.589,10
dataco_severe,0.5,max_period_plan_change_pct,Operational Ensemble,FeasibilityAwareEnsemble,feasibility_aware_ensemble_inverse_operational_loss,0.589,10
dataco_severe,0.5,max_period_plan_change_pct,Accuracy Ensemble,FeasibilityAwareEnsemble,feasibility_aware_ensemble_inverse_accuracy,0.632,12
dataco_severe,0.5,max_period_plan_change_pct,Best Inventory,Baseline,best_inventory_cost_model,0.764,13
dataco_severe,0.5,max_period_plan_change_pct,Family Best,Baseline,family_best_model,0.764,13
dataco_severe,0.5,max_period_plan_change_pct,Global Best,Baseline,global_best_model,0.764,13
dataco_severe,0.5,max_period_plan_change_pct,Oracle,Oracle,oracle_realized_demand,1.351,16
dataco_severe,0.5,model_switch_count,Accuracy Ensemble,FeasibilityAwareEnsemble,feasibility_aware_ensemble_inverse_accuracy,0.0,1
dataco_severe,0.5,model_switch_count,Best Inventory,Baseline,best_inventory_cost_model,0.0,1
dataco_severe,0.5,model_switch_count,Best Stability,Baseline,best_stability_model,0.0,1
dataco_severe,0.5,model_switch_count,Constrained Ensemble,FeasibilityAwareEnsemble,feasibility_aware_ensemble_constrained,0.0,1
dataco_severe,0.5,model_switch_count,Family Best,Baseline,family_best_model,0.0,1
dataco_severe,0.5,model_switch_count,Global Best,Baseline,global_best_model,0.0,1
dataco_severe,0.5,model_switch_count,Operational Ensemble,FeasibilityAwareEnsemble,feasibility_aware_ensemble_inverse_operational_loss,0.0,1
dataco_severe,0.5,model_switch_count,Oracle,Oracle,oracle_realized_demand,0.0,1
dataco_severe,0.5,model_switch_count,Scenario Alpha,FeasibilityAwareSmoothed,feasibility_aware_smoothed_scenario_alpha,0.0,1
dataco_severe,0.5,model_switch_count,Simple Ensemble,ReferenceEnsemble,simple_ensemble,0.0,1
dataco_severe,0.5,model_switch_count,Utility Alpha,FeasibilityAwareSmoothed,feasibility_aware_smoothed_utility_alpha,0.0,1
dataco_severe,0.5,model_switch_count,Smoothed Alpha 0.25,FeasibilityAwareSmoothed,feasibility_aware_smoothed_alpha_0_25,10.0,12
dataco_severe,0.5,model_switch_count,Smoothed Alpha 0.50,FeasibilityAwareSmoothed,feasibility_aware_smoothed_alpha_0_50,172.0,13
dataco_severe,0.5,model_switch_count,Stability-Aware,Baseline,stability_aware_selector,213.0,14
dataco_severe,0.5,model_switch_count,Smoothed Alpha 0.75,FeasibilityAwareSmoothed,feasibility_aware_smoothed_alpha_0_75,482.0,15
dataco_severe,0.5,model_switch_count,Feasibility-Aware,Baseline,feasibility_aware_selector,781.0,16
dataco_severe,0.5,normalized_total_loss,Simple Ensemble,ReferenceEnsemble,simple_ensemble,1.473,1
dataco_severe,0.5,normalized_total_loss,Constrained Ensemble,FeasibilityAwareEnsemble,feasibility_aware_ensemble_constrained,1.496,2
dataco_severe,0.5,normalized_total_loss,Operational Ensemble,FeasibilityAwareEnsemble,feasibility_aware_ensemble_inverse_operational_loss,1.496,2
dataco_severe,0.5,normalized_total_loss,Accuracy Ensemble,FeasibilityAwareEnsemble,feasibility_aware_ensemble_inverse_accuracy,1.556,4
dataco_severe,0.5,normalized_total_loss,Smoothed Alpha 0.25,FeasibilityAwareSmoothed,feasibility_aware_smoothed_alpha_0_25,1.655,5
dataco_severe,0.5,normalized_total_loss,Oracle,Oracle,oracle_realized_demand,1.754,6
dataco_severe,0.5,normalized_total_loss,Best Stability,Baseline,best_stability_model,1.766,7
dataco_severe,0.5,normalized_total_loss,Scenario Alpha,FeasibilityAwareSmoothed,feasibility_aware_smoothed_scenario_alpha,1.836,8
dataco_severe,0.5,normalized_total_loss,Utility Alpha,FeasibilityAwareSmoothed,feasibility_aware_smoothed_utility_alpha,1.836,8
dataco_severe,0.5,normalized_total_loss,Smoothed Alpha 0.50,FeasibilityAwareSmoothed,feasibility_aware_smoothed_alpha_0_50,1.89,10
dataco_severe,0.5,normalized_total_loss,Best Inventory,Baseline,best_inventory_cost_model,2.0,11
dataco_severe,0.5,normalized_total_loss,Global Best,Baseline,global_best_model,2.0,11
dataco_severe,0.5,normalized_total_loss,Family Best,Baseline,family_best_model,2.006,13
dataco_severe,0.5,normalized_total_loss,Stability-Aware,Baseline,stability_aware_selector,2.412,14
dataco_severe,0.5,normalized_total_loss,Smoothed Alpha 0.75,FeasibilityAwareSmoothed,feasibility_aware_smoothed_alpha_0_75,2.714,15
dataco_severe,0.5,normalized_total_loss,Feasibility-Aware,Baseline,feasibility_aware_selector,3.728,16
dataco_severe,0.5,planning_volatility,Best Stability,Baseline,best_stability_model,14.814,1
dataco_severe,0.5,planning_volatility,Scenario Alpha,FeasibilityAwareSmoothed,feasibility_aware_smoothed_scenario_alpha,42.201,2
dataco_severe,0.5,planning_volatility,Utility Alpha,FeasibilityAwareSmoothed,feasibility_aware_smoothed_utility_alpha,42.201,2
dataco_severe,0.5,planning_volatility,Smoothed Alpha 0.25,FeasibilityAwareSmoothed,feasibility_aware_smoothed_alpha_0_25,108.979,4
dataco_severe,0.5,planning_volatility,Smoothed Alpha 0.50,FeasibilityAwareSmoothed,feasibility_aware_smoothed_alpha_0_50,222.117,5
dataco_severe,0.5,planning_volatility,Simple Ensemble,ReferenceEnsemble,simple_ensemble,246.143,6
dataco_severe,0.5,planning_volatility,Constrained Ensemble,FeasibilityAwareEnsemble,feasibility_aware_ensemble_constrained,277.183,7
dataco_severe,0.5,planning_volatility,Operational Ensemble,FeasibilityAwareEnsemble,feasibility_aware_ensemble_inverse_operational_loss,277.183,7
dataco_severe,0.5,planning_volatility,Accuracy Ensemble,FeasibilityAwareEnsemble,feasibility_aware_ensemble_inverse_accuracy,303.581,9
dataco_severe,0.5,planning_volatility,Smoothed Alpha 0.75,FeasibilityAwareSmoothed,feasibility_aware_smoothed_alpha_0_75,312.326,10
dataco_severe,0.5,planning_volatility,Feasibility-Aware,Baseline,feasibility_aware_selector,364.328,11
dataco_severe,0.5,planning_volatility,Stability-Aware,Baseline,stability_aware_selector,384.274,12
dataco_severe,0.5,planning_volatility,Family Best,Baseline,family_best_model,411.535,13
dataco_severe,0.5,planning_volatility,Best Inventory,Baseline,best_inventory_cost_model,414.964,14
dataco_severe,0.5,planning_volatility,Global Best,Baseline,global_best_model,414.964,14
dataco_severe,0.5,planning_volatility,Oracle,Oracle,oracle_realized_demand,487.867,16
